<?xml version="1.0" encoding="UTF-8" standalone="yes"?>
<Measure category="Category" name="SonarQubeNewBranchCoverage-V6" provider="MeasureProvider" type="DIRECT">
    <description>Generic SonarQube 6 Condition Coverage on New Code. On each new / updated line of source code containing some boolean expressions, the condition coverage simply answers the following question: 'Has each boolean expression been evaluated both to true and false?'. </description>
    <scopeProperties defaultValue="" name="SonarQubeURL" type="STRING"/>
    <scopeProperties defaultValue="" name="Component" type="STRING"/>
    <scopeProperties defaultValue="" name="From" type="DATE"/>
    <unit name="MetricValue">
        <fields fieldName="postDate" fieldType="u_date"/>
        <fields fieldName="value" fieldType="u_double"/>
    </unit>
</Measure>
