<?xml version="1.0" encoding="UTF-8" standalone="yes"?>
<Measure category="Category" name="SonarQubeLineCoverage-V6" provider="MeasureProvider" type="DIRECT">
    <description>Generic SonarQube 6 Line Coverage. On a given line of code, Line Coverage simply answers the following question: 'Has this line of code been executed during the execution of the unit tests?'. </description>
    <scopeProperties defaultValue="" name="SonarQubeURL" type="STRING"/>
    <scopeProperties defaultValue="" name="Component" type="STRING"/>
    <scopeProperties defaultValue="" name="From" type="DATE"/>
    <unit name="MetricValue">
        <fields fieldName="postDate" fieldType="u_date"/>
        <fields fieldName="value" fieldType="u_double"/>
    </unit>
</Measure>
