<?xml version="1.0" encoding="UTF-8" standalone="yes"?>
<Measure category="Test" name="RandomGenerator" provider="Softeam" type="DIRECT">
    <description>A Test Measure delivering a random number at each execution</description>
    <scopeProperties defaultValue="0" name="MinRange" type="INTEGER">
        <description>Min range of RandomGenerator</description>
    </scopeProperties>
    <scopeProperties defaultValue="100" name="MaxRange" type="INTEGER">
        <description>Max range of RandomGenerator</description>
    </scopeProperties>
    <scopeProperties defaultValue="5" name="Delta" type="INTEGER">
        <description>Delta max between 2 value </description>
    </scopeProperties>
    <scopeProperties defaultValue="0" name="PreviousValue" type="DESABLE"/>
    <unit>
        <fields fieldName="postDate" fieldType="u_date"/>
        <fields fieldName="myValue" fieldType="u_double"/>
    </unit>
</Measure>
