<?xml version="1.0" encoding="UTF-8" standalone="yes"?>
<Measure name="CognitiveComplexity" type="DIRECT" unite="Weight">
    <description>compute the cognitive complexity of java application design</description>
    
    <scopeProperties name="URL" defaultValue="">
        <description>...</description>
    </scopeProperties>
    <scopeProperties name="LOGIN" defaultValue="">
        <description>...</description>
    </scopeProperties>
    <scopeProperties name="PASSWORD" defaultValue="">
        <description>...</description>
    </scopeProperties>

</Measure>
