<?xml version="1.0" encoding="UTF-8" standalone="yes"?>
<Measure name="SVNCommit" type="DIRECT" unite="Numeric">
    <description>List SVN Commit sins the last update</description>
    <scopeProperties defaultValue="" name="URI">
        <description>SVN Repository URI</description>
    </scopeProperties>
    <scopeProperties defaultValue="" name="LOGIN">
        <description>Login of the SVN server</description>
    </scopeProperties>
    <scopeProperties defaultValue="" name="PASSWORD">
        <description>Password of the SVN Server</description>
    </scopeProperties>
    <scopeProperties defaultValue="0" name="LastUpdate">
        <description>Last Execution Date of this measure</description>
    </scopeProperties>
</Measure>
