<?xml version="1.0" encoding="UTF-8" standalone="yes"?>
<Measure category="Category" name="SonarQubeCoverage-V6" provider="MeasureProvider" type="DIRECT">
    <description>Generic SonarQube 6 Coverage. It is a mix of line coverage and Condition coverage. Its goal is to provide an even more accurate answer to the following question: 'How much of the source code has been covered by the unit tests?'. </description>
    <scopeProperties defaultValue="" name="SonarQubeURL" type="STRING"/>
    <scopeProperties defaultValue="" name="Component" type="STRING"/>
    <scopeProperties defaultValue="" name="From" type="DATE"/>
    <unit name="MetricValue">
        <fields fieldName="postDate" fieldType="u_date"/>
        <fields fieldName="value" fieldType="u_double"/>
    </unit>
</Measure>
