<?xml version="1.0" encoding="UTF-8" standalone="yes"?>
<Measure category="Category" name="SonarQubeCommentLines-V6" provider="MeasureProvider" type="DIRECT">
    <description>Generic SonarQube 6 Comment Lines. Provide the number of lines containing either comment or commented-out code. </description>
    <scopeProperties defaultValue="" name="SonarQubeURL" type="STRING"/>
    <scopeProperties defaultValue="" name="Component" type="STRING"/>
    <scopeProperties defaultValue="" name="From" type="DATE"/>
    <unit name="MetricValue">
        <fields fieldName="postDate" fieldType="u_date"/>
        <fields fieldName="value" fieldType="u_double"/>
    </unit>
</Measure>
