<?xml version="1.0" encoding="UTF-8" standalone="yes"?>
<Measure name="WeightedClassComplexity" type="DIRECT" unite="Numeric">
    <description>The Weighted Class Complexity (WCC) metric measures the complexity of OO code design and its maintainability. It  returns a complexity weight. A low weight means a better design information.
This metric computes the complexity of each class computing and adding the cognitive weights of each method and each attribute. Then to compute the full code weight, WCC adds the weight of each class if there are in the same level or multiply  if there is derivation link.
</description>
    <scopeProperties defaultValue="" name="URL"/>
    <scopeProperties defaultValue="" name="LOGIN"/>
    <scopeProperties defaultValue="" name="PASSWORD"/>

    <references expiratioDelay="60000" measureRef="Class Complexity" number="1">
        <role>ClassComplexity A</role>
    </references>
</Measure>
