<?xml version="1.0" encoding="UTF-8" standalone="yes"?>
<Measure category="Category" name="SonarQubeCommentLinesDensity-V6" provider="MeasureProvider" type="DIRECT">
    <description>Generic SonarQube 6 Comment Lines Density. It's calculated based on the formula: Density of comment lines = Comment lines / (Lines of code + Comment lines) * 100. </description>
    <scopeProperties defaultValue="" name="SonarQubeURL" type="STRING"/>
    <scopeProperties defaultValue="" name="Component" type="STRING"/>
    <scopeProperties defaultValue="" name="From" type="DATE"/>
    <unit name="MetricValue">
        <fields fieldName="postDate" fieldType="u_date"/>
        <fields fieldName="value" fieldType="u_double"/>
    </unit>
</Measure>
