<?xml version="1.0" encoding="UTF-8" standalone="yes"?>
<Measure category="Category" name="SonarQubeTestSuccessDensity-V6" provider="MeasureProvider" type="DIRECT">
    <description>Generic SonarQube 6 Unit Test Success Density (%). Test success density = (Unit tests - (Unit test errors + Unit test failures)) / Unit tests * 100. </description>
    <scopeProperties defaultValue="" name="SonarQubeURL" type="STRING"/>
    <scopeProperties defaultValue="" name="Component" type="STRING"/>
    <scopeProperties defaultValue="" name="From" type="DATE"/>
    <unit name="MetricValue">
        <fields fieldName="postDate" fieldType="u_date"/>
        <fields fieldName="value" fieldType="u_double"/>
    </unit>
    <views>
		<view name="SonarQubeTestSuccessDensity" type="AREA" default="true"
			autoRefresh="true">
			<description> Value by days</description>
			<datasource dataIndex="value" dateIndex="postDate"
				timePeriode="6M" timeAggregation="d" />
			<layout width="400" height="300" color="%23FCD071" />
		</view>
		<view name="SonarQubeTestSuccessDensity" type="VALUE" default="true"
			autoRefresh="false">
			<datasource dataIndex="value" timePeriode="1y" />
			<layout width="220" height="150" fontSize="60"
				color="#FCD071" />
		</view>
	</views>    
</Measure>
