<?xml version="1.0" encoding="UTF-8" standalone="yes"?>
<Measure name="MMTExample" type="DIRECT" unite="Numeric">
    <description>This is an example of the MMT Plugin</description>
    
    <scopeProperties name="mmtdbhostname" defaultValue="localhost">
        <description>Hostname of the MMT database</description>
    </scopeProperties>
    <scopeProperties name="mmtdbportname" defaultValue="27017">
        <description>Port on the host to connecto to the MMT database</description>
    </scopeProperties>
</Measure>
