<?xml version="1.0" encoding="UTF-8" standalone="yes"?>
<Measure category="Category" name="SonarQubeDuplicatedLinesDensity-V6" provider="MeasureProvider" type="DIRECT">
    <description>Generic SonarQube 6 Duplicated Lines Density. It's calculated based on the Duplicated Lines divided on the number of Lines multiplied on 100. </description>
    <scopeProperties defaultValue="" name="SonarQubeURL" type="STRING"/>
    <scopeProperties defaultValue="" name="Component" type="STRING"/>
    <scopeProperties defaultValue="" name="From" type="DATE"/>
    <unit name="MetricValue">
        <fields fieldName="postDate" fieldType="u_date"/>
        <fields fieldName="value" fieldType="u_double"/>
    </unit>
</Measure>
